Employee information,,,,,
,,,,,
Name,Emp code,Empl #,Region,Department,Earning ($)
Malcolm Pingault,1,16-891,East,Human resources,72000
Shannon Lee,2,42-601,South,Accounts,80000
Melinda McGregor,3,42-672,South,Administration,95000
James Overmire,4,43-190,South,Marketing,105000
Roger Williams,5,43-763,East,Customer support,90000
Annie Philips,6,16-429,West,Human resources,60000
Melissa James,7,16-129,East,Accounts,87000
Mary Smith,8,43-314,North,Administration,104000
Rita Greg,9,42-800,East,Sales,380050
Trevor Johnson,10,43-409,North,Sales,93000
Paul Anderson,11,43-133,East,Human resources,180000
Rebecca Austin,12,42-090,South,Marketing,100000
Cynthia Roberts,13,43-129,West,Sales,136000
Michael Lee,14,43-561,North,Sales,68000
Sandra Lawrence,15,43-487,North,Accounts,100000
Kendra James,16,16-111,East,Sales,144000
Kevin Meyers,17,16-656,West,Accounts,84000
Adam Long,18,16-586,North,Administration,90000
Jamie Morrison,19,42-901,East,Human resources,62000
Maureen O'Connor,20,42-212,West,Accounts,120000
Michelle Washington,21,16-023,North,Sales,110000
Stuart Young,22,16-750,North,Customer support,94000
Jesse Bennet,23,43-701,South,Sales,250500
James Owens,24,16-871,West,Marketing,92000
Pamela Carter,25,43-517,West,Accounts,84000
Anna Morris,26,16-162,West,Accounts,150000
Rita Lawson,27,42-521,West,Accounts,106000
Sam Peters,28,16-312,South,Marketing,160000
Julie George,29,42-124,South,Marketing,130000
Diana Stone,30,16-281,East,Marketing,60000
Rob Dukes,31,16-328,West,Accounts,70000
Tammy Heiret,32,16-987,West,Customer support,76000
Sandy Stewart,33,43-129,East,Marketing,65000
Wendy Alto,34,43-730,East,Administration,105000
Tina Ralls,35,16-497,West,Administration,124000
Nikki Cleary,36,43-836,South,Administration,75000
Davis Lee,37,43-320,East,Accounts,73500
David Ford,38,43-786,North,Customer support,150200
Julia Stockton,39,43-283,West,Customer support,96600
Sonia McCormick,40,16-192,East,Administration,78000
